[
    {
        "name":"The Shawshank Redemption",
        "date": "1992",
        "url": "https://www.imdb.com/title/tt0111161/?pf_rd_m=A2FGELUUNOQJNL&pf_rd_p=1a264172-ae11-42e4-8ef7-7fed1973bb8f&pf_rd_r=VSY08NV95NG34QCSC009&pf_rd_s=center-1&pf_rd_t=15506&pf_rd_i=top&ref_=chttp_tt_1",
        "rating":9.3,
        "genres":["Drama"],
        "cast":["Tim Robbins","Morgan Freeman","Bob Gunton"]
    },
    {
        "name":"The Dark Knight",
        "date": "2008",
        "url": "https://www.imdb.com/title/tt0468569/?pf_rd_m=A2FGELUUNOQJNL&pf_rd_p=1a264172-ae11-42e4-8ef7-7fed1973bb8f&pf_rd_r=VSY08NV95NG34QCSC009&pf_rd_s=center-1&pf_rd_t=15506&pf_rd_i=top&ref_=chttp_tt_3",
        "rating":9.0,
        "genres":["Action","Crime","Drama","Thriller"],
        "cast":["Christian Bale","Heath Ledger","Aaron Eckhart"]
    },
    {
        "name":"12 Angry Men",
        "date": "1957",
        "url": "https://www.imdb.com/title/tt0050083/?pf_rd_m=A2FGELUUNOQJNL&pf_rd_p=1a264172-ae11-42e4-8ef7-7fed1973bb8f&pf_rd_r=VSY08NV95NG34QCSC009&pf_rd_s=center-1&pf_rd_t=15506&pf_rd_i=top&ref_=chttp_tt_5",
        "rating":9.0,
        "genres":["Crime","Drama"],
        "cast":["Henry Fonda","Lee J. Cobb","Martin Balsam"]
    },
    {
        "name":"Inception",
        "date": "2010",
        "url": "https://www.imdb.com/title/tt1375666/?pf_rd_m=A2FGELUUNOQJNL&pf_rd_p=1a264172-ae11-42e4-8ef7-7fed1973bb8f&pf_rd_r=VSY08NV95NG34QCSC009&pf_rd_s=center-1&pf_rd_t=15506&pf_rd_i=top&ref_=chttp_tt_13",
        "rating":8.8,
        "genres":["Action","Adventure","Sci-Fi","Thriller"],
        "cast":["Leonardo DiCaprio","Elliot Page","Ken Watanabe"]
    },
    {
        "name":"Saving Private Ryan",
        "date": "1998",
        "url": "https://www.imdb.com/title/tt0120815/?pf_rd_m=A2FGELUUNOQJNL&pf_rd_p=1a264172-ae11-42e4-8ef7-7fed1973bb8f&pf_rd_r=VSY08NV95NG34QCSC009&pf_rd_s=center-1&pf_rd_t=15506&pf_rd_i=top&ref_=chttp_tt_24",
        "rating":8.6,
        "genres":["Drama","War"],
        "cast":["Tom Hanks","Matt Damon","Edward Burns"]
    }
]