{
    "$schema":"http://json-schema.org/draft-07/schema",
    "title":"Schema for Assignment",
    "type":"array",
    "properties": {
        "name":{"type":"string"},
        "date":{"type":"string","format": "date"},
        "url":{"type":"string","format": "url"},
        "rating": {"type":"number","minimum": 0},
        "genres":{"type":"array","items": {"type":"string"},"uniqueItems": true},
        "cast":{"type":"array","items": {"type":"string"},"uniqueItems": true}
    },
    "required":[
        "name",
        "date",
        "url",
        "rating",
        "genres",
        "cast"
    ],
    "additionalProperties": false
}